{"cameraMode":{"drawMode":0,"name":"Shaded","section":"Shading Mode"},"sceneLighting":true,"audioPlay":false,"sceneViewState":{"showFog":true,"showMaterialUpdate":false,"showSkybox":true,"showFlares":true,"showImageEffects":true,"showParticleSystems":true,"showVisualEffectGraphs":true,"m_FxEnabled":true},"in2DMode":false,"pivot":{"x":-0.10918331146240235,"y":0.8793692588806152,"z":-1.0649299621582032},"rotation":{"x":-0.1288588047027588,"y":0.8007709383964539,"z":-0.18606796860694886,"w":-0.5545629262924194},"size":7.0350165367126469,"orthographic":false}