{"cameraMode":{"drawMode":0,"name":"Shaded","section":"Shading Mode"},"sceneLighting":true,"audioPlay":false,"sceneViewState":{"showFog":true,"showMaterialUpdate":false,"showSkybox":true,"showFlares":true,"showImageEffects":true,"showParticleSystems":true,"showVisualEffectGraphs":true,"m_FxEnabled":true},"in2DMode":false,"pivot":{"x":-8.00200366973877,"y":0.7512087821960449,"z":-0.1343860626220703},"rotation":{"x":0.08414864540100098,"y":0.037662528455257419,"z":-0.0034877376165241005,"w":0.9958494305610657},"size":13.77535343170166,"orthographic":false}