{"cameraMode":{"drawMode":0,"name":"Shaded","section":"Shading Mode"},"sceneLighting":true,"audioPlay":false,"sceneViewState":{"showFog":true,"showMaterialUpdate":false,"showSkybox":true,"showFlares":true,"showImageEffects":true,"showParticleSystems":true,"showVisualEffectGraphs":true,"m_FxEnabled":true},"in2DMode":false,"pivot":{"x":-0.20531290769577027,"y":0.40459108352661135,"z":-7.5425872802734379},"rotation":{"x":0.16892969608306886,"y":0.5381168723106384,"z":-0.11253689974546433,"w":0.8186065554618836},"size":5.652851104736328,"orthographic":false}