{"cameraMode":{"drawMode":0,"name":"Shaded","section":"Shading Mode"},"sceneLighting":true,"audioPlay":false,"sceneViewState":{"showFog":true,"showMaterialUpdate":false,"showSkybox":true,"showFlares":true,"showImageEffects":true,"showParticleSystems":true,"showVisualEffectGraphs":true,"m_FxEnabled":true},"in2DMode":false,"pivot":{"x":198.29718017578126,"y":-97.26837158203125,"z":349.9554443359375},"rotation":{"x":0.13383610546588899,"y":0.24547839164733888,"z":-0.039454635232686999,"w":0.9600101709365845},"size":388.61212158203127,"orthographic":false}