{"cameraMode":{"drawMode":0,"name":"Shaded","section":"Shading Mode"},"sceneLighting":true,"audioPlay":false,"sceneViewState":{"showFog":true,"showMaterialUpdate":false,"showSkybox":true,"showFlares":true,"showImageEffects":true,"showParticleSystems":true,"showVisualEffectGraphs":true,"m_FxEnabled":true},"in2DMode":false,"pivot":{"x":0.9971935749053955,"y":6.4977545738220219,"z":22.299102783203126},"rotation":{"x":-0.11109483987092972,"y":-0.4491772949695587,"z":0.05625510215759277,"w":-0.8851136565208435},"size":28.248218536376954,"orthographic":false}